meeting_number,date_found(ISO),url,status
200,,,skipped (exists)
201,,,skipped (exists)
202,,,skipped (exists)
203,,,skipped (exists)
204,,,skipped (exists)
205,,,skipped (exists)
206,,,skipped (exists)
207,,,skipped (exists)
208,,,skipped (exists)
209,,,skipped (exists)
210,,,skipped (exists)
211,,,skipped (exists)
212,,,skipped (exists)
213,,,skipped (exists)
214,,,skipped (exists)
215,,,skipped (exists)
216,,,skipped (exists)
217,,,skipped (exists)
218,,,skipped (exists)
219,,,skipped (exists)
220,,,skipped (exists)
221,,,skipped (exists)
222,,,skipped (exists)
223,,,skipped (exists)
224,,,skipped (exists)
225,,,skipped (exists)
226,,,skipped (exists)
227,,,skipped (exists)
228,,,skipped (exists)
229,,,skipped (exists)
230,,,skipped (exists)
231,,,skipped (exists)
232,,,skipped (exists)
233,,,skipped (exists)
234,,,skipped (exists)
235,,,skipped (exists)
236,,,skipped (exists)
237,,,skipped (exists)
238,,,skipped (exists)
239,,,skipped (exists)
240,,,skipped (exists)
241,,,skipped (exists)
242,,,skipped (exists)
243,,,skipped (exists)
244,,,skipped (exists)
245,,,skipped (exists)
246,,,skipped (exists)
247,,,skipped (exists)
248,,,skipped (exists)
249,,,skipped (exists)
250,,,skipped (exists)
251,,,skipped (exists)
252,,,skipped (exists)
253,,,skipped (exists)
254,,,skipped (exists)
255,,,skipped (exists)
256,,,skipped (exists)
257,,,skipped (exists)
258,,,skipped (exists)
259,,,skipped (exists)
260,,,skipped (exists)
261,,,skipped (exists)
262,,,skipped (exists)
263,,,skipped (exists)
264,,,skipped (exists)
265,,,skipped (exists)
266,,,skipped (exists)
267,,,skipped (exists)
268,,,skipped (exists)
269,,,skipped (exists)
270,,,skipped (exists)
271,,,skipped (exists)
272,,,skipped (exists)
273,,,skipped (exists)
